"data_dir","result_dir","num_run","balance_data","feaSelect","correlate","eps","min_Pts","k","MLmodel","select_method","LDF_r","predict_time","fit_time","totle_time","TN","FP","FN","TP","accuracy","precision","recall","F1","AUC","F_MEASURE","G_MEASURE","MCC",
../data/,../result_data/,10,NO,GBDT,Euclidean,19,2,15,NB,LDF,10,0.0008815050125122071,0.0015678882598876953,0.38869433403015136,14.2,60.2,0.7999999999999999,3.3999999999999995,0.22391857506361318,0.053459119496855334,0.8095238095238095,0.10029498525073745,0.4954864864864864,0.10029498525073745,0.30889315419065905,0.00021978393551635425,
../data/,../result_data/,10,NO,GBDT,Euclidean,19,2,15,LR,LDF,10,0.000908350944519043,0.029211878776550293,0.7000271320343018,73.39999999999999,1.0,1.0,3.1999999999999997,0.9745547073791349,0.761904761904762,0.761904761904762,0.761904761904762,0.8757522522522523,0.761904761904762,0.8597993996632258,0.7484639016897082,
../data/,../result_data/,10,NO,GBDT,Euclidean,19,2,15,SVM,LDF,10,0.0011132240295410156,0.009031271934509278,0.48385169506073,73.39999999999999,1.0,0.39999999999999997,3.8,0.9821882951653943,0.7916666666666666,0.9047619047619047,0.8444444444444444,0.9457522522522522,0.8444444444444444,0.943891708967851,0.8371368776339563,
../data/,../result_data/,10,NO,GBDT,Euclidean,19,2,15,RF,LDF,10,0.010234713554382324,0.19085218906402587,2.4173122882843017,71.12,3.28,1.3800000000000003,2.8200000000000003,0.9407124681933843,0.4622950819672132,0.6714285714285714,0.5475728155339805,0.8105576576576577,0.5475728155339805,0.7888049839531811,0.5273293416717885,
../data/,../result_data/,10,NO,GBDT,Euclidean,19,2,15,DT,LDF,10,0.0007414102554321289,0.0065574169158935545,0.4409493446350098,73.06,1.3399999999999999,1.22,2.98,0.9674300254452926,0.6898148148148148,0.7095238095238094,0.6995305164319249,0.8384486486486485,0.6995305164319249,0.823812442769466,0.6823916071086433,
../data/,../result_data/,10,NO,GBDT,Euclidean,19,2,15,KNN,LDF,10,0.011112594604492187,0.005736017227172851,0.5264369964599609,73.60000000000001,0.7999999999999999,3.1000000000000005,1.0999999999999999,0.9503816793893131,0.5789473684210525,0.26190476190476186,0.360655737704918,0.6321036036036035,0.360655737704918,0.414160016369961,0.3677675435352857,
