"data_dir","result_dir","num_run","balance_data","feaSelect","correlate","eps","min_Pts","k","MLmodel","select_method","LDF_r","predict_time","fit_time","totle_time","TN","FP","FN","TP","accuracy","precision","recall","F1","AUC","F_MEASURE","G_MEASURE","MCC",
../data/,../result_data/,10,NO,GBDT,Euclidean,19,2,15,NB,LDF,10,0.0011321067810058593,0.0029526233673095705,0.8938052892684937,59.60000000000001,179.0,0.0,12.099999999999998,0.28599920223374553,0.06331763474620616,1.0,0.11909448818897636,0.6249120987307056,0.11909448818897636,0.39973172367538573,0.12576223643300696,
../data/,../result_data/,10,NO,GBDT,Euclidean,19,2,15,LR,LDF,10,0.0009391069412231446,0.03727524280548096,1.1682947874069214,238.3,0.29999999999999993,0.7999999999999999,11.299999999999999,0.995612285600319,0.9741379310344827,0.933884297520661,0.9535864978902954,0.9663595644244183,0.9535864978902954,0.9652251680673021,0.9515181774247088,
../data/,../result_data/,10,NO,GBDT,Euclidean,19,2,15,SVM,LDF,10,0.0022719144821166993,0.03709871768951416,1.2093486070632935,237.40000000000003,1.1999999999999997,0.7000000000000001,11.400000000000002,0.9924212205823695,0.9047619047619049,0.9421487603305786,0.9230769230769231,0.9686416278774141,0.9230769230769231,0.9678395302347038,0.9193012986578151,
../data/,../result_data/,10,NO,GBDT,Euclidean,19,2,15,RF,LDF,10,0.010865879058837891,0.3646239757537842,4.563699865341187,235.67000000000002,2.9300000000000006,2.0599999999999996,10.040000000000001,0.9800957319505385,0.7740940632228218,0.8297520661157025,0.800957319505385,0.9086626024725952,0.800957319505385,0.9018710534535789,0.7910225434734026,
../data/,../result_data/,10,NO,GBDT,Euclidean,19,2,15,DT,LDF,10,0.0007681608200073242,0.028691577911376952,1.0859877109527587,231.75,6.85,1.0,11.100000000000001,0.9686876745113682,0.6183844011142061,0.9173553719008265,0.7387687188019967,0.944322423208099,0.7387687188019967,0.9435529794310457,0.7387197987480382,
../data/,../result_data/,10,NO,GBDT,Euclidean,19,2,15,KNN,LDF,10,0.1141556978225708,0.02614724636077881,2.210488533973694,236.3,2.3000000000000003,3.6000000000000005,8.5,0.9764658954926206,0.787037037037037,0.7024793388429751,0.74235807860262,0.8454947331362541,0.74235807860262,0.8219416327524435,0.7313642285221417,
