"data_dir","result_dir","num_run","balance_data","feaSelect","correlate","eps","min_Pts","k","MLmodel","select_method","LDF_r","predict_time","fit_time","totle_time","TN","FP","FN","TP","accuracy","precision","recall","F1","AUC","F_MEASURE","G_MEASURE","MCC",
../data/,../result_data/,10,NO,GBDT,Euclidean,19,2,15,NB,LDF,10,0.0010770320892333984,0.0027237415313720705,0.8481175899505615,36.800000000000004,167.79999999999998,2.1999999999999997,32.10000000000001,0.2884051904562579,0.1605802901450726,0.9358600583090378,0.27412467976088817,0.5577445856391339,0.27412467976088817,0.3017356543506303,0.10979476428307075,
../data/,../result_data/,10,NO,GBDT,Euclidean,19,2,15,LR,LDF,10,0.0011054277420043945,0.06783332824707031,1.5581623315811157,197.09999999999997,7.5,5.8999999999999995,28.4,0.9439095856006697,0.7910863509749304,0.8279883381924199,0.8091168091168092,0.8958984081437453,0.8091168091168092,0.8905519533981324,0.7765386134808924,
../data/,../result_data/,10,NO,GBDT,Euclidean,19,2,15,SVM,LDF,10,0.005199694633483886,0.12894935607910157,1.937603759765625,188.59999999999997,16.0,4.8999999999999995,29.4,0.9125156969443281,0.6475770925110133,0.8571428571428572,0.737766624843162,0.889507925121268,0.737766624843162,0.888295784598477,0.6962036563624935,
../data/,../result_data/,10,NO,GBDT,Euclidean,19,2,15,RF,LDF,10,0.011478638648986817,0.41223759651184083,5.119568800926208,186.79,17.81,7.8199999999999985,26.48,0.8927166178317287,0.5978776247459924,0.7720116618075803,0.6738770835984224,0.8426982305117168,0.6738770835984224,0.8365873313541438,0.6180620171194829,
../data/,../result_data/,10,NO,GBDT,Euclidean,19,2,15,DT,LDF,10,0.0008155107498168945,0.022682666778564453,1.1044594526290894,188.17000000000002,16.43,4.0200000000000005,30.28,0.9143993302637086,0.6482551916077928,0.882798833819242,0.747562029379089,0.9014124308259891,0.747562029379089,0.9008702386233026,0.7095325403259194,
../data/,../result_data/,10,NO,GBDT,Euclidean,19,2,15,KNN,LDF,10,0.11316967010498047,0.021679210662841796,2.0418229341506957,181.29999999999998,23.300000000000004,16.800000000000004,17.5,0.8321473419840937,0.42892156862745096,0.510204081632653,0.4660452729693741,0.6982721869235498,0.4660452729693741,0.6475601305835542,0.36929821053797945,
