"data_dir","result_dir","num_run","balance_data","feaSelect","correlate","eps","min_Pts","k","MLmodel","select_method","LDF_r","predict_time","fit_time","totle_time","TN","FP","FN","TP","accuracy","precision","recall","F1","AUC","F_MEASURE","G_MEASURE","MCC",
../data/,../result_data/,10,NO,GBDT,Euclidean,19,2,15,NB,LDF,10,0.0009398460388183594,0.00202031135559082,0.5945508718490601,64.20000000000002,47.300000000000004,2.3999999999999995,30.199999999999996,0.6551006245662734,0.38967741935483863,0.9263803680981595,0.5485921889191643,0.7511061995436997,0.5485921889191643,0.7101691873221225,0.4214099763983523,
../data/,../result_data/,10,NO,GBDT,Euclidean,19,2,15,LR,LDF,10,0.0009271144866943359,0.0371474027633667,1.0133137941360473,108.6,2.8999999999999995,2.1999999999999997,30.4,0.9646079111727968,0.912912912912913,0.9325153374233128,0.9226100151745068,0.9532015985140985,0.9226100151745068,0.9528020363753903,0.8997567147835478,
../data/,../result_data/,10,NO,GBDT,Euclidean,19,2,15,SVM,LDF,10,0.002176356315612793,0.04371068477630615,1.150389051437378,108.0,3.5,2.3000000000000003,30.300000000000004,0.9597501734906316,0.8964497041420119,0.9294478527607363,0.9126506024096386,0.9487429799929801,0.9126506024096386,0.9486248505272312,0.8867564928473163,
../data/,../result_data/,10,NO,GBDT,Euclidean,19,2,15,RF,LDF,10,0.010556197166442871,0.35129072666168215,4.195106840133667,108.38,3.12,2.9099999999999993,29.689999999999998,0.9581540596807773,0.9049070405364219,0.9107361963190185,0.9078122611221527,0.9411674600737101,0.9078122611221527,0.9403797374577765,0.8807543710000499,
../data/,../result_data/,10,NO,GBDT,Euclidean,19,2,15,DT,LDF,10,0.0008537769317626953,0.036132216453552246,0.8310758352279664,106.17,5.33,3.65,28.95,0.9376821651630812,0.8445157526254375,0.8880368098159509,0.8657296650717703,0.9197321977009476,0.8657296650717703,0.9189985688587063,0.825629914915907,
../data/,../result_data/,10,NO,GBDT,Euclidean,19,2,15,KNN,LDF,10,0.03930408954620361,0.012025046348571777,1.103738284111023,105.6,5.8999999999999995,11.200000000000001,21.400000000000002,0.8813324080499654,0.783882783882784,0.656441717791411,0.7145242070116862,0.8007283257283258,0.7145242070116862,0.7754235107211607,0.6443771547229272,
