"data_dir","result_dir","num_run","balance_data","feaSelect","correlate","eps","min_Pts","k","MLmodel","select_method","LDF_r","predict_time","fit_time","totle_time","TN","FP","FN","TP","accuracy","precision","recall","F1","AUC","F_MEASURE","G_MEASURE","MCC",
../data/,../result_data/,10,NO,GBDT,Euclidean,19,2,15,NB,LDF,10,0.0008787155151367187,0.0014723539352416992,0.41881790161132815,10.200000000000001,36.60000000000001,1.5999999999999999,12.900000000000002,0.3768352365415987,0.26060606060606056,0.8896551724137931,0.40312499999999996,0.5542643495881238,0.40312499999999996,0.35012373273728753,0.115982188106643,
../data/,../result_data/,10,NO,GBDT,Euclidean,19,2,15,LR,LDF,10,0.0008871316909790039,0.027768993377685548,0.6852054357528686,44.5,2.3000000000000003,1.8000000000000003,12.700000000000001,0.9331158238172921,0.8466666666666667,0.8758620689655172,0.8610169491525425,0.9132965508127396,0.8610169491525425,0.9118190398593106,0.817198479553561,
../data/,../result_data/,10,NO,GBDT,Euclidean,19,2,15,SVM,LDF,10,0.0013138771057128907,0.01615033149719238,0.6191463232040405,44.300000000000004,2.5,1.5,13.0,0.9347471451876019,0.8387096774193549,0.896551724137931,0.8666666666666666,0.9221443989251574,0.8666666666666666,0.9208874675194882,0.8243362277333443,
../data/,../result_data/,10,NO,GBDT,Euclidean,19,2,15,RF,LDF,10,0.00962502956390381,0.21454222202301027,2.642615532875061,45.34,1.4599999999999997,2.23,12.27,0.9398042414355628,0.8936635105608158,0.8462068965517241,0.869287991498406,0.9075542266860493,0.869287991498406,0.9033647108875296,0.8307458660874364,
../data/,../result_data/,10,NO,GBDT,Euclidean,19,2,15,DT,LDF,10,0.0007647514343261719,0.007908964157104492,0.5265974760055542,43.040000000000006,3.7600000000000002,2.1100000000000003,12.39,0.9042414355628059,0.7671826625386996,0.8544827586206897,0.8084828711256117,0.887154993172107,0.8084828711256117,0.885873288524601,0.7468128600433946,
../data/,../result_data/,10,NO,GBDT,Euclidean,19,2,15,KNN,LDF,10,0.009759855270385743,0.004583477973937988,0.5288246631622314,43.300000000000004,3.5,6.299999999999999,8.200000000000001,0.8401305057096249,0.7008547008547009,0.5655172413793104,0.6259541984732825,0.7461986256112066,0.6259541984732825,0.7019701268275323,0.5306602758138556,
