"data_dir","result_dir","num_run","balance_data","feaSelect","correlate","eps","min_Pts","k","MLmodel","select_method","LDF_r","predict_time","fit_time","totle_time","TN","FP","FN","TP","accuracy","precision","recall","F1","AUC","F_MEASURE","G_MEASURE","MCC",
../data/,../result_data/,10,NO,GBDT,Euclidean,19,2,15,NB,LDF,10,0.0011595726013183595,0.0033970117568969727,1.0333155393600464,175.29999999999998,50.39999999999999,40.699999999999996,76.10000000000001,0.734014598540146,0.6015810276679843,0.651541095890411,0.6255651459103987,0.7140903082608911,0.6255651459103987,0.7086344224732483,0.4206278820863028,
../data/,../result_data/,10,NO,GBDT,Euclidean,19,2,15,LR,LDF,10,0.001047062873840332,0.09085865020751953,1.9705976247787476,204.40000000000003,21.300000000000004,20.300000000000004,96.5,0.8785401459854014,0.8191850594227503,0.8261986301369862,0.8226768968456946,0.8658368100383662,0.8226768968456946,0.8640913375112832,0.7303324512462334,
../data/,../result_data/,10,NO,GBDT,Euclidean,19,2,15,SVM,LDF,10,0.02131805419921875,0.5643989086151123,6.709338355064392,202.09999999999997,23.599999999999998,20.099999999999998,96.70000000000002,0.8724087591240874,0.803823773898587,0.8279109589041097,0.8156895824546606,0.8615737789149447,0.8156895824546606,0.8603507733906343,0.7183387127365923,
../data/,../result_data/,10,NO,GBDT,Euclidean,19,2,15,RF,LDF,10,0.012763309478759765,0.7049818515777588,8.09970564842224,200.91,24.79,13.7,103.1,0.8876204379562044,0.8061615450778012,0.8827054794520548,0.842698925170624,0.8863254978365139,0.842698925170624,0.8864190180930923,0.7574431641967355,
../data/,../result_data/,10,NO,GBDT,Euclidean,19,2,15,DT,LDF,10,0.0007902860641479492,0.05405275821685791,1.5627145767211914,214.22000000000003,11.48,11.97,104.83,0.9315328467153285,0.9012982546642593,0.8975171232876712,0.8994037149843421,0.923210900239692,0.8994037149843421,0.9226051290988581,0.8475152050300756,
../data/,../result_data/,10,NO,GBDT,Euclidean,19,2,15,KNN,LDF,10,0.1668102502822876,0.036883759498596194,3.180636739730835,184.40000000000003,41.300000000000004,58.0,58.8,0.71007299270073,0.5874125874125874,0.5034246575342466,0.5421853388658369,0.6600553990647063,0.5421853388658369,0.6229822793363112,0.3340014859427767,
