"data_dir","result_dir","num_run","balance_data","feaSelect","correlate","eps","min_Pts","k","MLmodel","select_method","LDF_r","predict_time","fit_time","totle_time","TN","FP","FN","TP","accuracy","precision","recall","F1","AUC","F_MEASURE","G_MEASURE","MCC",
../data/,../result_data/,10,NO,GBDT,Euclidean,19,2,15,NB,LDF,10,0.0009451627731323243,0.0017988204956054688,0.5747260332107544,23.900000000000002,82.20000000000002,0.5,4.8999999999999995,0.2582959641255605,0.05625717566016072,0.9074074074074074,0.10594594594594592,0.5659325221889143,0.10594594594594592,0.36092148855844064,0.06888301850942945,
../data/,../result_data/,10,NO,GBDT,Euclidean,19,2,15,LR,LDF,10,0.0009637594223022461,0.029599785804748535,0.8690967798233032,105.4,0.7000000000000001,0.5,4.8999999999999995,0.989237668161435,0.875,0.9074074074074074,0.8909090909090909,0.9500314465408806,0.8909090909090909,0.9484596666819706,0.8854126214418608,
../data/,../result_data/,10,NO,GBDT,Euclidean,19,2,15,SVM,LDF,10,0.001232314109802246,0.013100028038024902,0.6853184700012207,104.79999999999998,1.3000000000000003,0.5,4.8999999999999995,0.9838565022421525,0.7903225806451613,0.9074074074074074,0.8448275862068966,0.9455345911949686,0.8448275862068966,0.9458745084314936,0.8385765118184867,
../data/,../result_data/,10,NO,GBDT,Euclidean,19,2,15,RF,LDF,10,0.009850740432739258,0.2322831153869629,2.990688991546631,105.83999999999999,0.26,1.5699999999999998,3.8299999999999996,0.9835874439461884,0.9364303178484107,0.7092592592592593,0.8071654373024235,0.8539402515723269,0.8071654373024235,0.8290573975431,0.8071838633691023,
../data/,../result_data/,10,NO,GBDT,Euclidean,19,2,15,DT,LDF,10,0.0007892608642578125,0.013556957244873047,0.721240782737732,104.77000000000001,1.33,0.49000000000000005,4.909999999999999,0.9836771300448431,0.7868589743589743,0.9092592592592592,0.8436426116838488,0.9463930817610062,0.8436426116838488,0.9467496818375479,0.8375087373726231,
../data/,../result_data/,10,NO,GBDT,Euclidean,19,2,15,KNN,LDF,10,0.027776241302490234,0.009278130531311036,0.8466137409210205,105.70000000000002,0.39999999999999997,2.3000000000000003,3.1000000000000005,0.9757847533632287,0.8857142857142858,0.5740740740740742,0.6966292134831461,0.7914465408805034,0.6966292134831461,0.7284064511109383,0.702126111625538,
