"data_dir","result_dir","num_run","balance_data","feaSelect","correlate","eps","min_Pts","k","MLmodel","select_method","LDF_r","predict_time","fit_time","totle_time","TN","FP","FN","TP","accuracy","precision","recall","F1","AUC","F_MEASURE","G_MEASURE","MCC",
../data/,../result_data/,10,NO,GBDT,Euclidean,19,2,15,NB,LDF,10,0.001069927215576172,0.002785801887512207,0.901572585105896,143.09999999999997,81.39999999999999,2.0,33.60000000000001,0.6793540945790081,0.29217391304347834,0.9438202247191011,0.4462151394422312,0.7904186507936508,0.4462151394422312,0.7609316988405987,0.40225697000648386,
../data/,../result_data/,10,NO,GBDT,Euclidean,19,2,15,LR,LDF,10,0.0010163545608520507,0.06834511756896973,1.5584865808486938,218.09999999999997,6.3999999999999995,3.1999999999999997,32.39999999999999,0.9630911188004613,0.8350515463917526,0.9101123595505617,0.8709677419354839,0.9403373015873016,0.8709677419354839,0.9398011458848688,0.8505511418373529,
../data/,../result_data/,10,NO,GBDT,Euclidean,19,2,15,SVM,LDF,10,0.003713059425354004,0.07892141342163086,1.7751478672027587,215.2,9.299999999999999,3.6000000000000005,32.0,0.9504036908881198,0.7748184019370461,0.898876404494382,0.8322496749024708,0.9281974206349204,0.8322496749024708,0.927766161539954,0.8063875345116367,
../data/,../result_data/,10,NO,GBDT,Euclidean,19,2,15,RF,LDF,10,0.01286909580230713,0.3856780529022217,5.004398798942566,214.53000000000003,9.97,4.5200000000000005,31.079999999999995,0.9442906574394463,0.7571254567600486,0.8730337078651685,0.810958904109589,0.9134752976190474,0.810958904109589,0.9124483739964232,0.7812003371098639,
../data/,../result_data/,10,NO,GBDT,Euclidean,19,2,15,DT,LDF,10,0.0007951736450195312,0.022539544105529784,1.0501191854476928,218.82,5.680000000000001,4.39,31.209999999999997,0.961284121491734,0.8460287340742748,0.876685393258427,0.8610842874879293,0.925047123015873,0.8610842874879293,0.9230978904192891,0.8387796290021862,
../data/,../result_data/,10,NO,GBDT,Euclidean,19,2,15,KNN,LDF,10,0.10365996360778809,0.02712702751159668,1.8691644668579102,212.0,12.5,14.8,20.800000000000004,0.895040369088812,0.6246246246246246,0.5842696629213483,0.6037735849056604,0.7628779761904764,0.6037735849056604,0.721891166262851,0.5437619084686808,
