"data_dir","result_dir","num_run","balance_data","feaSelect","correlate","eps","min_Pts","k","MLmodel","select_method","LDF_r","predict_time","fit_time","totle_time","TN","FP","FN","TP","accuracy","precision","recall","F1","AUC","F_MEASURE","G_MEASURE","MCC",
../data/,../result_data/,10,NO,GBDT,Euclidean,19,2,15,NB,LDF,10,0.0008943796157836914,0.0016004800796508788,0.4301090955734253,57.60000000000001,21.400000000000002,0.39999999999999997,2.3999999999999995,0.7334963325183372,0.10084033613445376,0.8571428571428571,0.18045112781954883,0.7978902953586499,0.18045112781954883,0.7879616963064295,0.23468101896303184,
../data/,../result_data/,10,NO,GBDT,Euclidean,19,2,15,LR,LDF,10,0.0008831977844238281,0.021427512168884277,0.6141587018966674,78.79999999999998,0.19999999999999998,0.5,2.3000000000000003,0.991442542787286,0.9199999999999999,0.8214285714285714,0.8679245283018868,0.9154008438818566,0.8679245283018868,0.9009295620619376,0.8649982007287715,
../data/,../result_data/,10,NO,GBDT,Euclidean,19,2,15,SVM,LDF,10,0.0010169506072998046,0.0053596973419189455,0.45730886459350584,78.39999999999999,0.5999999999999999,0.39999999999999997,2.3999999999999995,0.9877750611246944,0.8,0.8571428571428571,0.8275862068965518,0.9295358649789028,0.8275862068965518,0.9198279233476729,0.8217821550478852,
../data/,../result_data/,10,NO,GBDT,Euclidean,19,2,15,RF,LDF,10,0.009464764595031738,0.18593292236328124,2.3517274379730226,78.63000000000001,0.36999999999999994,0.5999999999999999,2.1999999999999997,0.9881418092909535,0.8560311284046692,0.7857142857142857,0.8193668528864059,0.8976582278481011,0.8193668528864059,0.878181762800662,0.8140466618894832,
../data/,../result_data/,10,NO,GBDT,Euclidean,19,2,15,DT,LDF,10,0.001072072982788086,0.00691838264465332,0.5003636121749878,77.72999999999999,1.27,0.51,2.29,0.9782396088019559,0.6432584269662921,0.817857142857143,0.720125786163522,0.9069620253164556,0.720125786163522,0.8932375537568309,0.7145111439500441,
../data/,../result_data/,10,NO,GBDT,Euclidean,19,2,15,KNN,LDF,10,0.01304938793182373,0.005954241752624512,0.5744202136993408,79.0,0.0,1.4000000000000001,1.4000000000000001,0.9828850855745721,1.0,0.5,0.6666666666666666,0.7583333333333332,0.6666666666666666,0.6666666666666666,0.700923342697551,
