,t-test p value, «∑Ò”–œ‘÷¯–‘≤Ó“Ï
UFS_AF,0.403534453,0
UFS_VT,0.000918842,1
UFS_CS,0.319890914,0
UFS_CFS,0.303246863,0
UFS_IG,0.398225097,0
UFS_RFE,0.068237376,0
UFS_TFS,0.198251073,0
UFS_RFS,0.474758645,0
