,t-test p value, «∑Ò”–œ‘÷¯–‘≤Ó“Ï
UFS_AF,0.406377034,0
UFS_VT,0.003248702,1
UFS_CS,0.172825962,0
UFS_CFS,0.141554829,0
UFS_IG,0.230782719,0
UFS_RFE,0.086866067,0
UFS_TFS,0.731355417,0
UFS_RFS,0.456665969,0
