,t-test p value, «∑Ò”–œ‘÷¯–‘≤Ó“Ï
UFS_AF,0.411812075,0
UFS_VT,0.001981418,1
UFS_CS,0.148950084,0
UFS_CFS,0.120491482,0
UFS_IG,0.215665435,0
UFS_RFE,0.068431887,0
UFS_TFS,0.619673104,0
UFS_RFS,0.465688098,0
