,t-test p value, «∑Ò”–œ‘÷¯–‘≤Ó“Ï
UFS_VT,0.005841116,1
UFS_CS,0.005827216,1
UFS_CFS,0.006947721,1
UFS_IG,0.043746051,1
UFS_RFE,0.000137459,1
UFS_TFS,0.00340098,1
UFS_RFS,0.022771266,1
